<?xml version="1.0" encoding="UTF-8"?><?xml-stylesheet type='text/xsl' href='_UpgradeReport_Files/UpgradeReport.xslt'?><UpgradeLog>
<Properties><Property Name="Solution" Value="SharpPcap">
</Property><Property Name="Projektmappendatei" Value="C:\Users\lagpuw\Documents\Visual Studio 2008\Projects\MyWindowsHeartbeat\SharpPcap\SharpPcap.sln">
</Property><Property Name="Date" Value="Mittwoch, 1. Oktober 2008">
</Property><Property Name="Time" Value="18:30">
</Property></Properties><Event ErrorLevel="0" Project="" Source="SharpPcap.sln" Description="Datei wurde erfolgreich als &quot;C:\Users\lagpuw\Documents\Visual Studio 2008\Projects\MyWindowsHeartbeat\SharpPcap\Backup\SharpPcap.sln&quot; gesichert">
</Event><Event ErrorLevel="0" Project="SharpPcap" Source="SharpPcap\SharpPcap.csproj" Description="Projektdatei erfolgreich gesichert als C:\Users\lagpuw\Documents\Visual Studio 2008\Projects\MyWindowsHeartbeat\SharpPcap\Backup\SharpPcap\SharpPcap.csproj">
</Event><Event ErrorLevel="0" Project="SharpPcap" Source="SharpPcap\AssemblyInfo.cs" Description="Datei erfolgreich gesichert als C:\Users\lagpuw\Documents\Visual Studio 2008\Projects\MyWindowsHeartbeat\SharpPcap\Backup\SharpPcap\AssemblyInfo.cs">
</Event><Event ErrorLevel="0" Project="SharpPcap" Source="SharpPcap\IPAddress.cs" Description="Datei erfolgreich gesichert als C:\Users\lagpuw\Documents\Visual Studio 2008\Projects\MyWindowsHeartbeat\SharpPcap\Backup\SharpPcap\IPAddress.cs">
</Event><Event ErrorLevel="0" Project="SharpPcap" Source="SharpPcap\IPHelper.cs" Description="Datei erfolgreich gesichert als C:\Users\lagpuw\Documents\Visual Studio 2008\Projects\MyWindowsHeartbeat\SharpPcap\Backup\SharpPcap\IPHelper.cs">
</Event><Event ErrorLevel="0" Project="SharpPcap" Source="SharpPcap\NetworkDevice.cs" Description="Datei erfolgreich gesichert als C:\Users\lagpuw\Documents\Visual Studio 2008\Projects\MyWindowsHeartbeat\SharpPcap\Backup\SharpPcap\NetworkDevice.cs">
</Event><Event ErrorLevel="0" Project="SharpPcap" Source="SharpPcap\NetworkDeviceList.cs" Description="Datei erfolgreich gesichert als C:\Users\lagpuw\Documents\Visual Studio 2008\Projects\MyWindowsHeartbeat\SharpPcap\Backup\SharpPcap\NetworkDeviceList.cs">
</Event><Event ErrorLevel="0" Project="SharpPcap" Source="SharpPcap\Packets\ARPFields.cs" Description="Datei erfolgreich gesichert als C:\Users\lagpuw\Documents\Visual Studio 2008\Projects\MyWindowsHeartbeat\SharpPcap\Backup\SharpPcap\Packets\ARPFields.cs">
</Event><Event ErrorLevel="0" Project="SharpPcap" Source="SharpPcap\Packets\ARPPacket.cs" Description="Datei erfolgreich gesichert als C:\Users\lagpuw\Documents\Visual Studio 2008\Projects\MyWindowsHeartbeat\SharpPcap\Backup\SharpPcap\Packets\ARPPacket.cs">
</Event><Event ErrorLevel="0" Project="SharpPcap" Source="SharpPcap\Packets\EthernetFields.cs" Description="Datei erfolgreich gesichert als C:\Users\lagpuw\Documents\Visual Studio 2008\Projects\MyWindowsHeartbeat\SharpPcap\Backup\SharpPcap\Packets\EthernetFields.cs">
</Event><Event ErrorLevel="0" Project="SharpPcap" Source="SharpPcap\Packets\EthernetPacket.cs" Description="Datei erfolgreich gesichert als C:\Users\lagpuw\Documents\Visual Studio 2008\Projects\MyWindowsHeartbeat\SharpPcap\Backup\SharpPcap\Packets\EthernetPacket.cs">
</Event><Event ErrorLevel="0" Project="SharpPcap" Source="SharpPcap\Packets\EthernetPacketTest.cs" Description="Datei erfolgreich gesichert als C:\Users\lagpuw\Documents\Visual Studio 2008\Projects\MyWindowsHeartbeat\SharpPcap\Backup\SharpPcap\Packets\EthernetPacketTest.cs">
</Event><Event ErrorLevel="0" Project="SharpPcap" Source="SharpPcap\Packets\EthernetProtocol.cs" Description="Datei erfolgreich gesichert als C:\Users\lagpuw\Documents\Visual Studio 2008\Projects\MyWindowsHeartbeat\SharpPcap\Backup\SharpPcap\Packets\EthernetProtocol.cs">
</Event><Event ErrorLevel="0" Project="SharpPcap" Source="SharpPcap\Packets\EthernetProtocols.cs" Description="Datei erfolgreich gesichert als C:\Users\lagpuw\Documents\Visual Studio 2008\Projects\MyWindowsHeartbeat\SharpPcap\Backup\SharpPcap\Packets\EthernetProtocols.cs">
</Event><Event ErrorLevel="0" Project="SharpPcap" Source="SharpPcap\Packets\ICMPFields.cs" Description="Datei erfolgreich gesichert als C:\Users\lagpuw\Documents\Visual Studio 2008\Projects\MyWindowsHeartbeat\SharpPcap\Backup\SharpPcap\Packets\ICMPFields.cs">
</Event><Event ErrorLevel="0" Project="SharpPcap" Source="SharpPcap\Packets\ICMPMessage.cs" Description="Datei erfolgreich gesichert als C:\Users\lagpuw\Documents\Visual Studio 2008\Projects\MyWindowsHeartbeat\SharpPcap\Backup\SharpPcap\Packets\ICMPMessage.cs">
</Event><Event ErrorLevel="0" Project="SharpPcap" Source="SharpPcap\Packets\ICMPMessages.cs" Description="Datei erfolgreich gesichert als C:\Users\lagpuw\Documents\Visual Studio 2008\Projects\MyWindowsHeartbeat\SharpPcap\Backup\SharpPcap\Packets\ICMPMessages.cs">
</Event><Event ErrorLevel="0" Project="SharpPcap" Source="SharpPcap\Packets\ICMPPacket.cs" Description="Datei erfolgreich gesichert als C:\Users\lagpuw\Documents\Visual Studio 2008\Projects\MyWindowsHeartbeat\SharpPcap\Backup\SharpPcap\Packets\ICMPPacket.cs">
</Event><Event ErrorLevel="0" Project="SharpPcap" Source="SharpPcap\Packets\IGMPFields.cs" Description="Datei erfolgreich gesichert als C:\Users\lagpuw\Documents\Visual Studio 2008\Projects\MyWindowsHeartbeat\SharpPcap\Backup\SharpPcap\Packets\IGMPFields.cs">
</Event><Event ErrorLevel="0" Project="SharpPcap" Source="SharpPcap\Packets\IGMPMessage.cs" Description="Datei erfolgreich gesichert als C:\Users\lagpuw\Documents\Visual Studio 2008\Projects\MyWindowsHeartbeat\SharpPcap\Backup\SharpPcap\Packets\IGMPMessage.cs">
</Event><Event ErrorLevel="0" Project="SharpPcap" Source="SharpPcap\Packets\IGMPMessages.cs" Description="Datei erfolgreich gesichert als C:\Users\lagpuw\Documents\Visual Studio 2008\Projects\MyWindowsHeartbeat\SharpPcap\Backup\SharpPcap\Packets\IGMPMessages.cs">
</Event><Event ErrorLevel="0" Project="SharpPcap" Source="SharpPcap\Packets\IGMPPacket.cs" Description="Datei erfolgreich gesichert als C:\Users\lagpuw\Documents\Visual Studio 2008\Projects\MyWindowsHeartbeat\SharpPcap\Backup\SharpPcap\Packets\IGMPPacket.cs">
</Event><Event ErrorLevel="0" Project="SharpPcap" Source="SharpPcap\Packets\IPAddress.cs" Description="Datei erfolgreich gesichert als C:\Users\lagpuw\Documents\Visual Studio 2008\Projects\MyWindowsHeartbeat\SharpPcap\Backup\SharpPcap\Packets\IPAddress.cs">
</Event><Event ErrorLevel="0" Project="SharpPcap" Source="SharpPcap\Packets\IPFields.cs" Description="Datei erfolgreich gesichert als C:\Users\lagpuw\Documents\Visual Studio 2008\Projects\MyWindowsHeartbeat\SharpPcap\Backup\SharpPcap\Packets\IPFields.cs">
</Event><Event ErrorLevel="0" Project="SharpPcap" Source="SharpPcap\Packets\IPPacket.cs" Description="Datei erfolgreich gesichert als C:\Users\lagpuw\Documents\Visual Studio 2008\Projects\MyWindowsHeartbeat\SharpPcap\Backup\SharpPcap\Packets\IPPacket.cs">
</Event><Event ErrorLevel="0" Project="SharpPcap" Source="SharpPcap\Packets\IPPacketTest.cs" Description="Datei erfolgreich gesichert als C:\Users\lagpuw\Documents\Visual Studio 2008\Projects\MyWindowsHeartbeat\SharpPcap\Backup\SharpPcap\Packets\IPPacketTest.cs">
</Event><Event ErrorLevel="0" Project="SharpPcap" Source="SharpPcap\Packets\IPPort.cs" Description="Datei erfolgreich gesichert als C:\Users\lagpuw\Documents\Visual Studio 2008\Projects\MyWindowsHeartbeat\SharpPcap\Backup\SharpPcap\Packets\IPPort.cs">
</Event><Event ErrorLevel="0" Project="SharpPcap" Source="SharpPcap\Packets\IPPorts.cs" Description="Datei erfolgreich gesichert als C:\Users\lagpuw\Documents\Visual Studio 2008\Projects\MyWindowsHeartbeat\SharpPcap\Backup\SharpPcap\Packets\IPPorts.cs">
</Event><Event ErrorLevel="0" Project="SharpPcap" Source="SharpPcap\Packets\IPProtocol.cs" Description="Datei erfolgreich gesichert als C:\Users\lagpuw\Documents\Visual Studio 2008\Projects\MyWindowsHeartbeat\SharpPcap\Backup\SharpPcap\Packets\IPProtocol.cs">
</Event><Event ErrorLevel="0" Project="SharpPcap" Source="SharpPcap\Packets\IPProtocols.cs" Description="Datei erfolgreich gesichert als C:\Users\lagpuw\Documents\Visual Studio 2008\Projects\MyWindowsHeartbeat\SharpPcap\Backup\SharpPcap\Packets\IPProtocols.cs">
</Event><Event ErrorLevel="0" Project="SharpPcap" Source="SharpPcap\Packets\IPVersions.cs" Description="Datei erfolgreich gesichert als C:\Users\lagpuw\Documents\Visual Studio 2008\Projects\MyWindowsHeartbeat\SharpPcap\Backup\SharpPcap\Packets\IPVersions.cs">
</Event><Event ErrorLevel="0" Project="SharpPcap" Source="SharpPcap\Packets\LinkLayer.cs" Description="Datei erfolgreich gesichert als C:\Users\lagpuw\Documents\Visual Studio 2008\Projects\MyWindowsHeartbeat\SharpPcap\Backup\SharpPcap\Packets\LinkLayer.cs">
</Event><Event ErrorLevel="0" Project="SharpPcap" Source="SharpPcap\Packets\LinkLayers.cs" Description="Datei erfolgreich gesichert als C:\Users\lagpuw\Documents\Visual Studio 2008\Projects\MyWindowsHeartbeat\SharpPcap\Backup\SharpPcap\Packets\LinkLayers.cs">
</Event><Event ErrorLevel="0" Project="SharpPcap" Source="SharpPcap\Packets\MACAddress.cs" Description="Datei erfolgreich gesichert als C:\Users\lagpuw\Documents\Visual Studio 2008\Projects\MyWindowsHeartbeat\SharpPcap\Backup\SharpPcap\Packets\MACAddress.cs">
</Event><Event ErrorLevel="0" Project="SharpPcap" Source="SharpPcap\Packets\Packet.cs" Description="Datei erfolgreich gesichert als C:\Users\lagpuw\Documents\Visual Studio 2008\Projects\MyWindowsHeartbeat\SharpPcap\Backup\SharpPcap\Packets\Packet.cs">
</Event><Event ErrorLevel="0" Project="SharpPcap" Source="SharpPcap\Packets\PacketEncoding.cs" Description="Datei erfolgreich gesichert als C:\Users\lagpuw\Documents\Visual Studio 2008\Projects\MyWindowsHeartbeat\SharpPcap\Backup\SharpPcap\Packets\PacketEncoding.cs">
</Event><Event ErrorLevel="0" Project="SharpPcap" Source="SharpPcap\Packets\PacketEncodingTest.cs" Description="Datei erfolgreich gesichert als C:\Users\lagpuw\Documents\Visual Studio 2008\Projects\MyWindowsHeartbeat\SharpPcap\Backup\SharpPcap\Packets\PacketEncodingTest.cs">
</Event><Event ErrorLevel="0" Project="SharpPcap" Source="SharpPcap\Packets\PacketFactory.cs" Description="Datei erfolgreich gesichert als C:\Users\lagpuw\Documents\Visual Studio 2008\Projects\MyWindowsHeartbeat\SharpPcap\Backup\SharpPcap\Packets\PacketFactory.cs">
</Event><Event ErrorLevel="0" Project="SharpPcap" Source="SharpPcap\Packets\RawPacket.cs" Description="Datei erfolgreich gesichert als C:\Users\lagpuw\Documents\Visual Studio 2008\Projects\MyWindowsHeartbeat\SharpPcap\Backup\SharpPcap\Packets\RawPacket.cs">
</Event><Event ErrorLevel="0" Project="SharpPcap" Source="SharpPcap\Packets\SupportClass.cs" Description="Datei erfolgreich gesichert als C:\Users\lagpuw\Documents\Visual Studio 2008\Projects\MyWindowsHeartbeat\SharpPcap\Backup\SharpPcap\Packets\SupportClass.cs">
</Event><Event ErrorLevel="0" Project="SharpPcap" Source="SharpPcap\Packets\TCPFields.cs" Description="Datei erfolgreich gesichert als C:\Users\lagpuw\Documents\Visual Studio 2008\Projects\MyWindowsHeartbeat\SharpPcap\Backup\SharpPcap\Packets\TCPFields.cs">
</Event><Event ErrorLevel="0" Project="SharpPcap" Source="SharpPcap\Packets\TCPPacket.cs" Description="Datei erfolgreich gesichert als C:\Users\lagpuw\Documents\Visual Studio 2008\Projects\MyWindowsHeartbeat\SharpPcap\Backup\SharpPcap\Packets\TCPPacket.cs">
</Event><Event ErrorLevel="0" Project="SharpPcap" Source="SharpPcap\Packets\TCPPacketTest.cs" Description="Datei erfolgreich gesichert als C:\Users\lagpuw\Documents\Visual Studio 2008\Projects\MyWindowsHeartbeat\SharpPcap\Backup\SharpPcap\Packets\TCPPacketTest.cs">
</Event><Event ErrorLevel="0" Project="SharpPcap" Source="SharpPcap\Packets\TestCase.cs" Description="Datei erfolgreich gesichert als C:\Users\lagpuw\Documents\Visual Studio 2008\Projects\MyWindowsHeartbeat\SharpPcap\Backup\SharpPcap\Packets\TestCase.cs">
</Event><Event ErrorLevel="0" Project="SharpPcap" Source="SharpPcap\Packets\TypesOfService.cs" Description="Datei erfolgreich gesichert als C:\Users\lagpuw\Documents\Visual Studio 2008\Projects\MyWindowsHeartbeat\SharpPcap\Backup\SharpPcap\Packets\TypesOfService.cs">
</Event><Event ErrorLevel="0" Project="SharpPcap" Source="SharpPcap\Packets\UDPFields.cs" Description="Datei erfolgreich gesichert als C:\Users\lagpuw\Documents\Visual Studio 2008\Projects\MyWindowsHeartbeat\SharpPcap\Backup\SharpPcap\Packets\UDPFields.cs">
</Event><Event ErrorLevel="0" Project="SharpPcap" Source="SharpPcap\Packets\UDPPacket.cs" Description="Datei erfolgreich gesichert als C:\Users\lagpuw\Documents\Visual Studio 2008\Projects\MyWindowsHeartbeat\SharpPcap\Backup\SharpPcap\Packets\UDPPacket.cs">
</Event><Event ErrorLevel="0" Project="SharpPcap" Source="SharpPcap\Packets\Util\AnsiEscapeSequences.cs" Description="Datei erfolgreich gesichert als C:\Users\lagpuw\Documents\Visual Studio 2008\Projects\MyWindowsHeartbeat\SharpPcap\Backup\SharpPcap\Packets\Util\AnsiEscapeSequences.cs">
</Event><Event ErrorLevel="0" Project="SharpPcap" Source="SharpPcap\Packets\Util\ArrayHelper.cs" Description="Datei erfolgreich gesichert als C:\Users\lagpuw\Documents\Visual Studio 2008\Projects\MyWindowsHeartbeat\SharpPcap\Backup\SharpPcap\Packets\Util\ArrayHelper.cs">
</Event><Event ErrorLevel="0" Project="SharpPcap" Source="SharpPcap\Packets\Util\AsciiHelper.cs" Description="Datei erfolgreich gesichert als C:\Users\lagpuw\Documents\Visual Studio 2008\Projects\MyWindowsHeartbeat\SharpPcap\Backup\SharpPcap\Packets\Util\AsciiHelper.cs">
</Event><Event ErrorLevel="0" Project="SharpPcap" Source="SharpPcap\Packets\Util\FileUtility.cs" Description="Datei erfolgreich gesichert als C:\Users\lagpuw\Documents\Visual Studio 2008\Projects\MyWindowsHeartbeat\SharpPcap\Backup\SharpPcap\Packets\Util\FileUtility.cs">
</Event><Event ErrorLevel="0" Project="SharpPcap" Source="SharpPcap\Packets\Util\HexHelper.cs" Description="Datei erfolgreich gesichert als C:\Users\lagpuw\Documents\Visual Studio 2008\Projects\MyWindowsHeartbeat\SharpPcap\Backup\SharpPcap\Packets\Util\HexHelper.cs">
</Event><Event ErrorLevel="0" Project="SharpPcap" Source="SharpPcap\Packets\Util\PropertyHelper.cs" Description="Datei erfolgreich gesichert als C:\Users\lagpuw\Documents\Visual Studio 2008\Projects\MyWindowsHeartbeat\SharpPcap\Backup\SharpPcap\Packets\Util\PropertyHelper.cs">
</Event><Event ErrorLevel="0" Project="SharpPcap" Source="SharpPcap\Packets\Util\SupportClass.cs" Description="Datei erfolgreich gesichert als C:\Users\lagpuw\Documents\Visual Studio 2008\Projects\MyWindowsHeartbeat\SharpPcap\Backup\SharpPcap\Packets\Util\SupportClass.cs">
</Event><Event ErrorLevel="0" Project="SharpPcap" Source="SharpPcap\Packets\Util\TcpdumpWriter.cs" Description="Datei erfolgreich gesichert als C:\Users\lagpuw\Documents\Visual Studio 2008\Projects\MyWindowsHeartbeat\SharpPcap\Backup\SharpPcap\Packets\Util\TcpdumpWriter.cs">
</Event><Event ErrorLevel="0" Project="SharpPcap" Source="SharpPcap\Packets\Util\Timeval.cs" Description="Datei erfolgreich gesichert als C:\Users\lagpuw\Documents\Visual Studio 2008\Projects\MyWindowsHeartbeat\SharpPcap\Backup\SharpPcap\Packets\Util\Timeval.cs">
</Event><Event ErrorLevel="0" Project="SharpPcap" Source="SharpPcap\PcapDevice.cs" Description="Datei erfolgreich gesichert als C:\Users\lagpuw\Documents\Visual Studio 2008\Projects\MyWindowsHeartbeat\SharpPcap\Backup\SharpPcap\PcapDevice.cs">
</Event><Event ErrorLevel="0" Project="SharpPcap" Source="SharpPcap\PcapDeviceList.cs" Description="Datei erfolgreich gesichert als C:\Users\lagpuw\Documents\Visual Studio 2008\Projects\MyWindowsHeartbeat\SharpPcap\Backup\SharpPcap\PcapDeviceList.cs">
</Event><Event ErrorLevel="0" Project="SharpPcap" Source="SharpPcap\PcapException.cs" Description="Datei erfolgreich gesichert als C:\Users\lagpuw\Documents\Visual Studio 2008\Projects\MyWindowsHeartbeat\SharpPcap\Backup\SharpPcap\PcapException.cs">
</Event><Event ErrorLevel="0" Project="SharpPcap" Source="SharpPcap\PcapHeader.cs" Description="Datei erfolgreich gesichert als C:\Users\lagpuw\Documents\Visual Studio 2008\Projects\MyWindowsHeartbeat\SharpPcap\Backup\SharpPcap\PcapHeader.cs">
</Event><Event ErrorLevel="0" Project="SharpPcap" Source="SharpPcap\PcapMode.cs" Description="Datei erfolgreich gesichert als C:\Users\lagpuw\Documents\Visual Studio 2008\Projects\MyWindowsHeartbeat\SharpPcap\Backup\SharpPcap\PcapMode.cs">
</Event><Event ErrorLevel="0" Project="SharpPcap" Source="SharpPcap\PcapOfflineDevice.cs" Description="Datei erfolgreich gesichert als C:\Users\lagpuw\Documents\Visual Studio 2008\Projects\MyWindowsHeartbeat\SharpPcap\Backup\SharpPcap\PcapOfflineDevice.cs">
</Event><Event ErrorLevel="0" Project="SharpPcap" Source="SharpPcap\PcapSendQueue.cs" Description="Datei erfolgreich gesichert als C:\Users\lagpuw\Documents\Visual Studio 2008\Projects\MyWindowsHeartbeat\SharpPcap\Backup\SharpPcap\PcapSendQueue.cs">
</Event><Event ErrorLevel="0" Project="SharpPcap" Source="SharpPcap\PcapStatistics.cs" Description="Datei erfolgreich gesichert als C:\Users\lagpuw\Documents\Visual Studio 2008\Projects\MyWindowsHeartbeat\SharpPcap\Backup\SharpPcap\PcapStatistics.cs">
</Event><Event ErrorLevel="0" Project="SharpPcap" Source="SharpPcap\Protocols\ARP.cs" Description="Datei erfolgreich gesichert als C:\Users\lagpuw\Documents\Visual Studio 2008\Projects\MyWindowsHeartbeat\SharpPcap\Backup\SharpPcap\Protocols\ARP.cs">
</Event><Event ErrorLevel="0" Project="SharpPcap" Source="SharpPcap\SharpPcap.cs" Description="Datei erfolgreich gesichert als C:\Users\lagpuw\Documents\Visual Studio 2008\Projects\MyWindowsHeartbeat\SharpPcap\Backup\SharpPcap\SharpPcap.cs">
</Event><Event ErrorLevel="0" Project="SharpPcap" Source="SharpPcap\Util\Convert.cs" Description="Datei erfolgreich gesichert als C:\Users\lagpuw\Documents\Visual Studio 2008\Projects\MyWindowsHeartbeat\SharpPcap\Backup\SharpPcap\Util\Convert.cs">
</Event><Event ErrorLevel="0" Project="SharpPcap" Source="SharpPcap\Util\Int64Range.cs" Description="Datei erfolgreich gesichert als C:\Users\lagpuw\Documents\Visual Studio 2008\Projects\MyWindowsHeartbeat\SharpPcap\Backup\SharpPcap\Util\Int64Range.cs">
</Event><Event ErrorLevel="0" Project="SharpPcap" Source="SharpPcap\Util\IPAddressList.cs" Description="Datei erfolgreich gesichert als C:\Users\lagpuw\Documents\Visual Studio 2008\Projects\MyWindowsHeartbeat\SharpPcap\Backup\SharpPcap\Util\IPAddressList.cs">
</Event><Event ErrorLevel="0" Project="SharpPcap" Source="SharpPcap\Util\IPAddressRange.cs" Description="Datei erfolgreich gesichert als C:\Users\lagpuw\Documents\Visual Studio 2008\Projects\MyWindowsHeartbeat\SharpPcap\Backup\SharpPcap\Util\IPAddressRange.cs">
</Event><Event ErrorLevel="0" Project="SharpPcap" Source="SharpPcap\Util\IPSubnet.cs" Description="Datei erfolgreich gesichert als C:\Users\lagpuw\Documents\Visual Studio 2008\Projects\MyWindowsHeartbeat\SharpPcap\Backup\SharpPcap\Util\IPSubnet.cs">
</Event><Event ErrorLevel="0" Project="SharpPcap" Source="SharpPcap\Util\IPUtil.cs" Description="Datei erfolgreich gesichert als C:\Users\lagpuw\Documents\Visual Studio 2008\Projects\MyWindowsHeartbeat\SharpPcap\Backup\SharpPcap\Util\IPUtil.cs">
</Event><Event ErrorLevel="0" Project="SharpPcap" Source="SharpPcap\Util\NumberRange.cs" Description="Datei erfolgreich gesichert als C:\Users\lagpuw\Documents\Visual Studio 2008\Projects\MyWindowsHeartbeat\SharpPcap\Backup\SharpPcap\Util\NumberRange.cs">
</Event><Event ErrorLevel="0" Project="SharpPcap" Source="SharpPcap\Util\Random.cs" Description="Datei erfolgreich gesichert als C:\Users\lagpuw\Documents\Visual Studio 2008\Projects\MyWindowsHeartbeat\SharpPcap\Backup\SharpPcap\Util\Random.cs">
</Event><Event ErrorLevel="0" Project="SharpPcap" Source="SharpPcap\Util\StringList.cs" Description="Datei erfolgreich gesichert als C:\Users\lagpuw\Documents\Visual Studio 2008\Projects\MyWindowsHeartbeat\SharpPcap\Backup\SharpPcap\Util\StringList.cs">
</Event><Event ErrorLevel="0" Project="SharpPcap" Source="SharpPcap\Util\SupportClass.cs" Description="Datei erfolgreich gesichert als C:\Users\lagpuw\Documents\Visual Studio 2008\Projects\MyWindowsHeartbeat\SharpPcap\Backup\SharpPcap\Util\SupportClass.cs">
</Event><Event ErrorLevel="0" Project="SharpPcap" Source="SharpPcap\Version.cs" Description="Datei erfolgreich gesichert als C:\Users\lagpuw\Documents\Visual Studio 2008\Projects\MyWindowsHeartbeat\SharpPcap\Backup\SharpPcap\Version.cs">
</Event><Event ErrorLevel="0" Project="SharpPcap" Source="SharpPcap\App.ico" Description="Datei erfolgreich gesichert als C:\Users\lagpuw\Documents\Visual Studio 2008\Projects\MyWindowsHeartbeat\SharpPcap\Backup\SharpPcap\App.ico">
</Event><Event ErrorLevel="0" Project="SharpPcap" Source="SharpPcap\docs\SharpPcap.html" Description="Datei erfolgreich gesichert als C:\Users\lagpuw\Documents\Visual Studio 2008\Projects\MyWindowsHeartbeat\SharpPcap\Backup\SharpPcap\docs\SharpPcap.html">
</Event><Event ErrorLevel="0" Project="SharpPcap" Source="SharpPcap\docs\SharpPcap\SharpPcap.png" Description="Datei erfolgreich gesichert als C:\Users\lagpuw\Documents\Visual Studio 2008\Projects\MyWindowsHeartbeat\SharpPcap\Backup\SharpPcap\docs\SharpPcap\SharpPcap.png">
</Event><Event ErrorLevel="0" Project="SharpPcap" Source="SharpPcap\Packets\package.html" Description="Datei erfolgreich gesichert als C:\Users\lagpuw\Documents\Visual Studio 2008\Projects\MyWindowsHeartbeat\SharpPcap\Backup\SharpPcap\Packets\package.html">
</Event><Event ErrorLevel="0" Project="SharpPcap" Source="SharpPcap\Packets\Util\package.html" Description="Datei erfolgreich gesichert als C:\Users\lagpuw\Documents\Visual Studio 2008\Projects\MyWindowsHeartbeat\SharpPcap\Backup\SharpPcap\Packets\Util\package.html">
</Event><Event ErrorLevel="0" Project="SharpPcap" Source="SharpPcap\SharpPcap.csproj" Description="Projekt erfolgreich konvertiert">
</Event><Event ErrorLevel="3" Project="SharpPcap" Source="SharpPcap\SharpPcap.csproj" Description="Converted">
</Event><Event ErrorLevel="0" Project="Test" Source="Test\Test.csproj" Description="Projektdatei erfolgreich gesichert als C:\Users\lagpuw\Documents\Visual Studio 2008\Projects\MyWindowsHeartbeat\SharpPcap\Backup\Test\Test.csproj">
</Event><Event ErrorLevel="0" Project="Test" Source="Test\ArpTest.cs" Description="Datei erfolgreich gesichert als C:\Users\lagpuw\Documents\Visual Studio 2008\Projects\MyWindowsHeartbeat\SharpPcap\Backup\Test\ArpTest.cs">
</Event><Event ErrorLevel="0" Project="Test" Source="Test\AssemblyInfo.cs" Description="Datei erfolgreich gesichert als C:\Users\lagpuw\Documents\Visual Studio 2008\Projects\MyWindowsHeartbeat\SharpPcap\Backup\Test\AssemblyInfo.cs">
</Event><Event ErrorLevel="0" Project="Test" Source="Test\Class1.cs" Description="Datei erfolgreich gesichert als C:\Users\lagpuw\Documents\Visual Studio 2008\Projects\MyWindowsHeartbeat\SharpPcap\Backup\Test\Class1.cs">
</Event><Event ErrorLevel="0" Project="Test" Source="Test\Int64RangeTest.cs" Description="Datei erfolgreich gesichert als C:\Users\lagpuw\Documents\Visual Studio 2008\Projects\MyWindowsHeartbeat\SharpPcap\Backup\Test\Int64RangeTest.cs">
</Event><Event ErrorLevel="0" Project="Test" Source="Test\IPAddressRangeTest.cs" Description="Datei erfolgreich gesichert als C:\Users\lagpuw\Documents\Visual Studio 2008\Projects\MyWindowsHeartbeat\SharpPcap\Backup\Test\IPAddressRangeTest.cs">
</Event><Event ErrorLevel="0" Project="Test" Source="Test\IPHelperTest.cs" Description="Datei erfolgreich gesichert als C:\Users\lagpuw\Documents\Visual Studio 2008\Projects\MyWindowsHeartbeat\SharpPcap\Backup\Test\IPHelperTest.cs">
</Event><Event ErrorLevel="0" Project="Test" Source="Test\IPSubnetTest.cs" Description="Datei erfolgreich gesichert als C:\Users\lagpuw\Documents\Visual Studio 2008\Projects\MyWindowsHeartbeat\SharpPcap\Backup\Test\IPSubnetTest.cs">
</Event><Event ErrorLevel="0" Project="Test" Source="Test\IpUtilTest.cs" Description="Datei erfolgreich gesichert als C:\Users\lagpuw\Documents\Visual Studio 2008\Projects\MyWindowsHeartbeat\SharpPcap\Backup\Test\IpUtilTest.cs">
</Event><Event ErrorLevel="0" Project="Test" Source="Test\PacketsTest.cs" Description="Datei erfolgreich gesichert als C:\Users\lagpuw\Documents\Visual Studio 2008\Projects\MyWindowsHeartbeat\SharpPcap\Backup\Test\PacketsTest.cs">
</Event><Event ErrorLevel="0" Project="Test" Source="Test\SendTcpSynExample.cs" Description="Datei erfolgreich gesichert als C:\Users\lagpuw\Documents\Visual Studio 2008\Projects\MyWindowsHeartbeat\SharpPcap\Backup\Test\SendTcpSynExample.cs">
</Event><Event ErrorLevel="0" Project="Test" Source="Test\TCPPacketTest.cs" Description="Datei erfolgreich gesichert als C:\Users\lagpuw\Documents\Visual Studio 2008\Projects\MyWindowsHeartbeat\SharpPcap\Backup\Test\TCPPacketTest.cs">
</Event><Event ErrorLevel="0" Project="Test" Source="Test\UdpTest.cs" Description="Datei erfolgreich gesichert als C:\Users\lagpuw\Documents\Visual Studio 2008\Projects\MyWindowsHeartbeat\SharpPcap\Backup\Test\UdpTest.cs">
</Event><Event ErrorLevel="0" Project="Test" Source="Test\App.ico" Description="Datei erfolgreich gesichert als C:\Users\lagpuw\Documents\Visual Studio 2008\Projects\MyWindowsHeartbeat\SharpPcap\Backup\Test\App.ico">
</Event><Event ErrorLevel="0" Project="Test" Source="Test\Test.csproj" Description="Projekt erfolgreich konvertiert">
</Event><Event ErrorLevel="3" Project="Test" Source="Test\Test.csproj" Description="Converted">
</Event><Event ErrorLevel="0" Project="" Source="SharpPcap.sln" Description="Die Projektmappe wurde erfolgreich konvertiert.">
</Event><Event ErrorLevel="3" Project="" Source="SharpPcap.sln" Description="Converted">
</Event><Event ErrorLevel="0" Project="SharpPcap" Source="SharpPcap\SharpPcap.csproj" Description="Überprüfung abgeschlossen: Aktualisierung von Projektdateien nicht erforderlich.">
</Event><Event ErrorLevel="0" Project="Test" Source="Test\Test.csproj" Description="Überprüfung abgeschlossen: Aktualisierung von Projektdateien nicht erforderlich.">
</Event></UpgradeLog>